{"cobot_model": {"_elapsed_time": 9661.588}, "control_box_model": {"_voltage": 48.0}, "payload_model": {"_mass": 5.0, "_cogx": 0.0, "_cogy": 0.0, "_cogz": 0.0}, "base_model": {"_position": -3.1416, "_temperature": 25.5, "_voltage": 4.452548842507337e-16}, "shoulder_model": {"_position": -0.7854000000000001, "_temperature": 25.0, "_voltage": -9.744821936076107}, "elbow_model": {"_position": 1.5708, "_temperature": 24.5, "_voltage": -3.8755618846753577, "_x": 0.43324441069216885, "_y": 0.11999681730093736, "_z": 0.6139451205052873}, "wrist1_model": {"_position": 0.7854, "_temperature": 24.0, "_voltage": 0.8444608733203224}, "wrist2_model": {"_position": 0.0, "_temperature": 23.5, "_voltage": -0.6093258945435407}, "wrist3_model": {"_position": -0.7854000000000001, "_temperature": 23.0, "_voltage": 0.0}, "tool_model": {"_temperature": 0.0, "_voltage": 0, "_x": 0.7175418032468244, "_y": 0.29069472863280355, "_z": 0.20979793766022578, "_rx": -0.7290198154318404, "_ry": -1.7599866691194472, "_rz": -1.7599920243895868}}