{"cobot_model": {"_elapsed_time": 13403.942}, "control_box_model": {"_voltage": 48.0}, "payload_model": {"_mass": 5.0, "_cogx": 0.0, "_cogy": 0.0, "_cogz": 0.0}, "base_model": {"_position": -0.23480100000012083, "_temperature": 25.5, "_voltage": -2.5161222037520444e-16}, "shoulder_model": {"_position": -1.0863335000000198, "_temperature": 25.0, "_voltage": -9.586637509690064}, "elbow_model": {"_position": 0.9689329999999596, "_temperature": 24.5, "_voltage": -6.4090861344812575, "_x": -0.3054426412693115, "_y": -0.050319676260301, "_z": 0.7228937043856976}, "wrist1_model": {"_position": 0.4844664999999798, "_temperature": 24.0, "_voltage": 0.3030587932613354}, "wrist2_model": {"_position": 0.0, "_temperature": 23.5, "_voltage": -0.2186739210038013}, "wrist3_model": {"_position": -0.48446649999998037, "_temperature": 23.0, "_voltage": 0.0}, "tool_model": {"_temperature": 0.0, "_voltage": 0, "_x": -0.8553652501434663, "_y": -0.0942869155503407, "_z": 0.6779738175583498, "_rx": 1.574751342909449, "_ry": -0.09254461620029061, "_rz": -0.2763597818128615}}