{"cobot_model": {"_elapsed_time": 16579.613999999998}, "control_box_model": {"_voltage": 48.0}, "payload_model": {"_mass": 5.0, "_cogx": 0.0, "_cogy": 0.0, "_cogz": 0.0}, "base_model": {"_position": -1.6006999999999998, "_temperature": 25.5, "_voltage": -8.885421444264158e-17}, "shoulder_model": {"_position": -1.7271, "_temperature": 25.0, "_voltage": 6.119588948658669}, "elbow_model": {"_position": -2.2029999999999994, "_temperature": 24.5, "_voltage": 5.690795741838779, "_x": -0.12279807157171456, "_y": -0.09174724324388771, "_z": 0.7859308377597881}, "wrist1_model": {"_position": -0.8079999999999998, "_temperature": 24.0, "_voltage": 0.8285217324486299}, "wrist2_model": {"_position": 1.5951, "_temperature": 23.5, "_voltage": 0.014802505738866106}, "wrist3_model": {"_position": -0.030999999999999694, "_temperature": 23.0, "_voltage": 0.0}, "tool_model": {"_temperature": 0.0, "_voltage": 0, "_x": -0.18963153692348175, "_y": -0.6096838816511917, "_z": 0.26097114869435084, "_rx": -0.0012213596815925638, "_ry": 3.1162765284819756, "_rz": 0.038891915636886834}}