{"cobot_model": {"_elapsed_time": 2081.598}, "control_box_model": {"_voltage": 48.0}, "payload_model": {"_mass": 5.0, "_cogx": 0.0, "_cogy": 0.0, "_cogz": 0.0}, "base_model": {"_position": -1.7364696587867083, "_temperature": 25.5, "_voltage": 9.277360559689955e-18}, "shoulder_model": {"_position": -1.9764824677977693, "_temperature": 25.0, "_voltage": 8.434055924707517}, "elbow_model": {"_position": -1.906971298013329, "_temperature": 24.5, "_voltage": 5.808958057652882, "_x": -0.15823397771991965, "_y": -0.21870078904849272, "_z": 0.743668261240808}, "wrist1_model": {"_position": -0.9896528688831259, "_temperature": 24.0, "_voltage": 0.7360868392873785}, "wrist2_model": {"_position": 1.5520266027045821, "_temperature": 23.5, "_voltage": -0.01128882534150502}, "wrist3_model": {"_position": -0.16416171949560265, "_temperature": 23.0, "_voltage": 0.0}, "tool_model": {"_temperature": 0.0, "_voltage": 0, "_x": -0.2997234208709086, "_y": -0.723287236811814, "_z": 0.22328723681181742, "_rx": 1.5433606060610352e-10, "_ry": 3.12346722146451, "_rz": 0.25293938457146264}}