{"cobot_model": {"_elapsed_time": 12768.416}, "control_box_model": {"_voltage": 48.0}, "payload_model": {"_mass": 5.0, "_cogx": 0.0, "_cogy": 0.0, "_cogz": 0.0}, "base_model": {"_position": -2.191053166278916, "_temperature": 25.5, "_voltage": 3.642850265405729e-16}, "shoulder_model": {"_position": -2.456162790952431, "_temperature": 25.0, "_voltage": 13.29947679830608}, "elbow_model": {"_position": -0.9154647951591564, "_temperature": 24.5, "_voltage": 7.445206884590546, "_x": -0.37334316926733296, "_y": -0.31621862960365865, "_z": 0.5685426823507279}, "wrist1_model": {"_position": -1.4636262847622676, "_temperature": 24.0, "_voltage": 0.7647981137595682}, "wrist2_model": {"_position": 1.3782739234012145, "_temperature": 23.5, "_voltage": -0.11570668554889231}, "wrist3_model": {"_position": -0.6083782461756106, "_temperature": 23.0, "_voltage": 0.0}, "tool_model": {"_temperature": 0.0, "_voltage": 0, "_x": -0.8199999743569656, "_y": -0.810000012821516, "_z": 0.31000001282151823, "_rx": 4.5949465654714235e-09, "_ry": -3.0382340838126014, "_rz": -0.321806755610057}}