{"cobot_model": {"_elapsed_time": 5360.878}, "control_box_model": {"_voltage": 48.0}, "payload_model": {"_mass": 5.0, "_cogx": 0.0, "_cogy": 0.0, "_cogz": 0.0}, "base_model": {"_position": -1.5708000000000002, "_temperature": 25.5, "_voltage": 5.822692150949143e-16}, "shoulder_model": {"_position": -0.7854000000000001, "_temperature": 25.0, "_voltage": -3.0374941591002935}, "elbow_model": {"_position": -1.570800000000002, "_temperature": 24.5, "_voltage": 4.288765410827839, "_x": -0.1199984086957081, "_y": 0.4332439699163244, "_z": 0.6139451205052873}, "wrist1_model": {"_position": -0.785400000000001, "_temperature": 24.0, "_voltage": -0.46677836634046166}, "wrist2_model": {"_position": -0.8726999999999991, "_temperature": 23.5, "_voltage": -2.8772261392811343e-06}, "wrist3_model": {"_position": 0.7854000000000001, "_temperature": 23.0, "_voltage": 0.0}, "tool_model": {"_temperature": 0.0, "_voltage": 0, "_x": -0.24906330292433204, "_y": 0.11837958587388431, "_z": 1.13794043040169, "_rx": -1.6927108013531837, "_ry": 0.07393601377304519, "_rz": 1.1446494667230198}}