{"cobot_model": {"_elapsed_time": 27383.239999999998}, "control_box_model": {"_voltage": 48.0}, "payload_model": {"_mass": 5.0, "_cogx": 0.0, "_cogy": 0.0, "_cogz": 0.0}, "base_model": {"_position": 0.2274231202910607, "_temperature": 25.5, "_voltage": -1.317664888634077e-16}, "shoulder_model": {"_position": -0.34041252765792507, "_temperature": 25.0, "_voltage": -12.737093037764366}, "elbow_model": {"_position": -0.34206467699622145, "_temperature": 24.5, "_voltage": -4.857951961386015, "_x": -0.5356139868629725, "_y": -0.24712704471840857, "_z": 0.38526581054882403}, "wrist1_model": {"_position": -3.1581281078115815, "_temperature": 24.0, "_voltage": 0.37397287063263784}, "wrist2_model": {"_position": -2.769892386948337, "_temperature": 23.5, "_voltage": 0.3653036222466487}, "wrist3_model": {"_position": -0.059407934422408104, "_temperature": 23.0, "_voltage": 0.0}, "tool_model": {"_temperature": 0.0, "_voltage": 0, "_x": -0.9364339677108462, "_y": -0.28400774278306873, "_z": 0.8647331883391008, "_rx": -1.3965680407608936, "_ry": 0.06120413854802767, "_rz": 0.943992392479758}}