{"cobot_model": {"_elapsed_time": 5411.6759999999995}, "control_box_model": {"_voltage": 48.0}, "payload_model": {"_mass": 5.0, "_cogx": 0.0, "_cogy": 0.0, "_cogz": 0.0}, "base_model": {"_position": -1.7792048926849304, "_temperature": 25.5, "_voltage": 1.350121451971207e-16}, "shoulder_model": {"_position": -1.8344681787769996, "_temperature": 25.0, "_voltage": 7.164871983156429}, "elbow_model": {"_position": -2.054885721390166, "_temperature": 24.5, "_voltage": 5.777726308062627, "_x": -0.15044297566898773, "_y": -0.13140255325266298, "_z": 0.7722247839867248}, "wrist1_model": {"_position": -0.9895458300916715, "_temperature": 24.0, "_voltage": 0.7323507308668801}, "wrist2_model": {"_position": 1.4653774916021798, "_temperature": 23.5, "_voltage": -0.06322874149763917}, "wrist3_model": {"_position": -0.1996034464040406, "_temperature": 23.0, "_voltage": 0.0}, "tool_model": {"_temperature": 0.0, "_voltage": 0, "_x": -0.32260593249250114, "_y": -0.6245017061189395, "_z": 0.24940720449604872, "_rx": -1.214636243262143e-09, "_ry": -3.0593657792472, "_rz": -0.2827019208829579}}