{"cobot_model": {"_elapsed_time": 5581.342}, "control_box_model": {"_voltage": 48.0}, "payload_model": {"_mass": 5.0, "_cogx": 0.0, "_cogy": 0.0, "_cogz": 0.0}, "base_model": {"_position": 1.0657499999997357, "_temperature": 25.5, "_voltage": -4.750531088689237e-17}, "shoulder_model": {"_position": -0.8695750000000437, "_temperature": 25.0, "_voltage": -10.07267276895022}, "elbow_model": {"_position": 1.4024499999999118, "_temperature": 24.5, "_voltage": -4.974342969679759, "_x": -0.08623922516475804, "_y": -0.4039955568765399, "_z": 0.6488363861814168}, "wrist1_model": {"_position": 0.7012249999999559, "_temperature": 24.0, "_voltage": 0.7970454518496958}, "wrist2_model": {"_position": 0.0, "_temperature": 23.5, "_voltage": -0.5751130079367871}, "wrist3_model": {"_position": -0.7012249999999565, "_temperature": 23.0, "_voltage": 0.0}, "tool_model": {"_temperature": 0.0, "_voltage": 0, "_x": -0.12031821936093938, "_y": -0.8184321332175359, "_z": 0.31888729974401103, "_rx": 1.6547842204602259, "_ry": 0.4516345110870498, "_rz": 1.2296653719153126}}