{"cobot_model": {"_elapsed_time": 36816.84}, "control_box_model": {"_voltage": 48.0}, "payload_model": {"_mass": 5.0, "_cogx": 0.0, "_cogy": 0.0, "_cogz": 0.0}, "base_model": {"_position": 0.026048581832168047, "_temperature": 25.5, "_voltage": 3.015130443123699e-16}, "shoulder_model": {"_position": -0.6372854821482488, "_temperature": 25.0, "_voltage": -12.862561645366105}, "elbow_model": {"_position": 0.0009747493737770555, "_temperature": 24.5, "_voltage": -6.579453162944796, "_x": -0.4891429728762451, "_y": -0.1327850866636673, "_z": 0.5452662667410567}, "wrist1_model": {"_position": -1.5142654337023753, "_temperature": 24.0, "_voltage": -1.0242084213547713}, "wrist2_model": {"_position": -1.8823120261827082, "_temperature": 23.5, "_voltage": -0.1562398296472845}, "wrist3_model": {"_position": 0.9245022324447967, "_temperature": 23.0, "_voltage": 0.0}, "tool_model": {"_temperature": 0.0, "_voltage": 0, "_x": -1.1091884991716765, "_y": -0.16737352340022207, "_z": 0.8577473644626574, "_rx": -2.5019080974397667, "_ry": -0.7448706361851828, "_rz": 0.6157572235412218}}